claim_id,claim_type,date_filed,days_to_close
C25Q3-001,comprehensive,2025-07-01,17
C25Q3-002,collision,2025-07-03,8
C25Q3-003,comprehensive,2025-07-03,10
C25Q3-004,comprehensive,2025-07-03,11
C25Q3-005,collision,2025-07-04,18
C25Q3-006,collision,2025-07-05,25
C25Q3-007,collision,2025-07-06,15
C25Q3-008,collision,2025-07-12,27
C25Q3-009,liability,2025-07-14,43
C25Q3-010,collision,2025-07-15,21
C25Q3-011,liability,2025-07-15,26
C25Q3-012,collision,2025-07-17,47
C25Q3-013,liability,2025-07-18,67
C25Q3-014,collision,2025-07-22,17
C25Q3-015,collision,2025-07-23,24
C25Q3-016,liability,2025-07-29,33
C25Q3-017,comprehensive,2025-07-30,31
C25Q3-018,liability,2025-07-31,52
C25Q3-019,collision,2025-08-01,37
C25Q3-020,collision,2025-08-01,42
C25Q3-021,liability,2025-08-01,47
C25Q3-022,liability,2025-08-03,36
C25Q3-023,liability,2025-08-06,-1
C25Q3-024,comprehensive,2025-08-11,36
C25Q3-025,collision,2025-08-12,-1
C25Q3-026,liability,2025-08-15,-1
C25Q3-027,collision,2025-08-17,16
C25Q3-028,collision,2025-08-18,31
C25Q3-029,comprehensive,2025-08-18,23
C25Q3-030,liability,2025-08-18,40
C25Q3-031,liability,2025-08-19,-1
C25Q3-032,comprehensive,2025-08-20,19
C25Q3-033,collision,2025-08-23,34
C25Q3-034,collision,2025-08-24,22
C25Q3-035,comprehensive,2025-08-25,26
C25Q3-036,comprehensive,2025-08-29,21
C25Q3-037,comprehensive,2025-08-30,9
C25Q3-038,comprehensive,2025-08-31,13
C25Q3-039,comprehensive,2025-08-31,18
C25Q3-040,collision,2025-09-02,9
C25Q3-041,collision,2025-09-02,19
C25Q3-042,comprehensive,2025-09-04,16
C25Q3-043,comprehensive,2025-09-06,6
C25Q3-044,comprehensive,2025-09-06,14
C25Q3-045,comprehensive,2025-09-07,12
C25Q3-046,collision,2025-09-12,12
C25Q3-047,collision,2025-09-15,13
C25Q3-048,comprehensive,2025-09-16,7
C25Q3-049,collision,2025-09-19,-1
C25Q3-050,liability,2025-09-21,-1
C25Q3-051,comprehensive,2025-09-24,-1
C25Q3-052,comprehensive,2025-09-25,-1
C25Q3-053,collision,2025-09-30,-1
C25Q3-054,liability,2025-09-30,-1
